file_name,target,mode,path
0,1,train,/home/katsujitakeda/project/study/kmodels/datasets/COVID/images/0.png
1,1,train,/home/katsujitakeda/project/study/kmodels/datasets/COVID/images/1.png
2,1,train,/home/katsujitakeda/project/study/kmodels/datasets/COVID/images/2.png
3,1,train,/home/katsujitakeda/project/study/kmodels/datasets/COVID/images/3.png
4,1,train,/home/katsujitakeda/project/study/kmodels/datasets/COVID/images/4.png
5,1,train,/home/katsujitakeda/project/study/kmodels/datasets/COVID/images/5.png
6,1,train,/home/katsujitakeda/project/study/kmodels/datasets/COVID/images/6.png
7,1,train,/home/katsujitakeda/project/study/kmodels/datasets/COVID/images/7.png
8,1,train,/home/katsujitakeda/project/study/kmodels/datasets/COVID/images/8.png
9,1,train,/home/katsujitakeda/project/study/kmodels/datasets/COVID/images/9.png
10,1,train,/home/katsujitakeda/project/study/kmodels/datasets/COVID/images/10.png
11,1,train,/home/katsujitakeda/project/study/kmodels/datasets/COVID/images/11.png
12,1,train,/home/katsujitakeda/project/study/kmodels/datasets/COVID/images/12.png
13,1,train,/home/katsujitakeda/project/study/kmodels/datasets/COVID/images/13.png
16,1,train,/home/katsujitakeda/project/study/kmodels/datasets/COVID/images/16.png
17,1,train,/home/katsujitakeda/project/study/kmodels/datasets/COVID/images/17.png
18,1,train,/home/katsujitakeda/project/study/kmodels/datasets/COVID/images/18.png
19,1,train,/home/katsujitakeda/project/study/kmodels/datasets/COVID/images/19.png
20,1,train,/home/katsujitakeda/project/study/kmodels/datasets/COVID/images/20.png
21,1,train,/home/katsujitakeda/project/study/kmodels/datasets/COVID/images/21.png
22,1,train,/home/katsujitakeda/project/study/kmodels/datasets/COVID/images/22.png
27,1,train,/home/katsujitakeda/project/study/kmodels/datasets/COVID/images/27.png
28,1,train,/home/katsujitakeda/project/study/kmodels/datasets/COVID/images/28.png
29,1,train,/home/katsujitakeda/project/study/kmodels/datasets/COVID/images/29.png
30,1,train,/home/katsujitakeda/project/study/kmodels/datasets/COVID/images/30.png
31,1,train,/home/katsujitakeda/project/study/kmodels/datasets/COVID/images/31.png
32,1,train,/home/katsujitakeda/project/study/kmodels/datasets/COVID/images/32.png
34,1,train,/home/katsujitakeda/project/study/kmodels/datasets/COVID/images/34.png
35,1,train,/home/katsujitakeda/project/study/kmodels/datasets/COVID/images/35.png
36,1,train,/home/katsujitakeda/project/study/kmodels/datasets/COVID/images/36.png
37,1,train,/home/katsujitakeda/project/study/kmodels/datasets/COVID/images/37.png
38,1,train,/home/katsujitakeda/project/study/kmodels/datasets/COVID/images/38.png
39,1,train,/home/katsujitakeda/project/study/kmodels/datasets/COVID/images/39.png
40,1,train,/home/katsujitakeda/project/study/kmodels/datasets/COVID/images/40.png
41,1,train,/home/katsujitakeda/project/study/kmodels/datasets/COVID/images/41.png
42,1,train,/home/katsujitakeda/project/study/kmodels/datasets/COVID/images/42.png
45,1,train,/home/katsujitakeda/project/study/kmodels/datasets/COVID/images/45.png
46,1,train,/home/katsujitakeda/project/study/kmodels/datasets/COVID/images/46.png
47,1,train,/home/katsujitakeda/project/study/kmodels/datasets/COVID/images/47.png
48,1,train,/home/katsujitakeda/project/study/kmodels/datasets/COVID/images/48.png
49,1,train,/home/katsujitakeda/project/study/kmodels/datasets/COVID/images/49.png
50,1,train,/home/katsujitakeda/project/study/kmodels/datasets/COVID/images/50.png
51,1,train,/home/katsujitakeda/project/study/kmodels/datasets/COVID/images/51.png
52,1,train,/home/katsujitakeda/project/study/kmodels/datasets/COVID/images/52.png
53,1,train,/home/katsujitakeda/project/study/kmodels/datasets/COVID/images/53.png
54,1,train,/home/katsujitakeda/project/study/kmodels/datasets/COVID/images/54.png
55,1,train,/home/katsujitakeda/project/study/kmodels/datasets/COVID/images/55.png
56,1,train,/home/katsujitakeda/project/study/kmodels/datasets/COVID/images/56.png
57,1,train,/home/katsujitakeda/project/study/kmodels/datasets/COVID/images/57.png
58,1,train,/home/katsujitakeda/project/study/kmodels/datasets/COVID/images/58.png
60,1,train,/home/katsujitakeda/project/study/kmodels/datasets/COVID/images/60.png
61,1,train,/home/katsujitakeda/project/study/kmodels/datasets/COVID/images/61.png
62,1,train,/home/katsujitakeda/project/study/kmodels/datasets/COVID/images/62.png
63,1,train,/home/katsujitakeda/project/study/kmodels/datasets/COVID/images/63.png
64,1,train,/home/katsujitakeda/project/study/kmodels/datasets/COVID/images/64.png
65,1,train,/home/katsujitakeda/project/study/kmodels/datasets/COVID/images/65.png
66,1,train,/home/katsujitakeda/project/study/kmodels/datasets/COVID/images/66.png
67,1,train,/home/katsujitakeda/project/study/kmodels/datasets/COVID/images/67.png
68,1,train,/home/katsujitakeda/project/study/kmodels/datasets/COVID/images/68.png
69,1,train,/home/katsujitakeda/project/study/kmodels/datasets/COVID/images/69.png
70,1,train,/home/katsujitakeda/project/study/kmodels/datasets/COVID/images/70.png
71,1,train,/home/katsujitakeda/project/study/kmodels/datasets/COVID/images/71.png
72,1,train,/home/katsujitakeda/project/study/kmodels/datasets/COVID/images/72.png
73,1,train,/home/katsujitakeda/project/study/kmodels/datasets/COVID/images/73.png
74,1,train,/home/katsujitakeda/project/study/kmodels/datasets/COVID/images/74.png
75,1,train,/home/katsujitakeda/project/study/kmodels/datasets/COVID/images/75.png
76,1,train,/home/katsujitakeda/project/study/kmodels/datasets/COVID/images/76.png
77,1,train,/home/katsujitakeda/project/study/kmodels/datasets/COVID/images/77.png
78,1,train,/home/katsujitakeda/project/study/kmodels/datasets/COVID/images/78.png
79,1,train,/home/katsujitakeda/project/study/kmodels/datasets/COVID/images/79.png
80,1,train,/home/katsujitakeda/project/study/kmodels/datasets/COVID/images/80.png
83,1,train,/home/katsujitakeda/project/study/kmodels/datasets/COVID/images/83.png
84,1,train,/home/katsujitakeda/project/study/kmodels/datasets/COVID/images/84.png
85,1,train,/home/katsujitakeda/project/study/kmodels/datasets/COVID/images/85.png
86,1,train,/home/katsujitakeda/project/study/kmodels/datasets/COVID/images/86.png
87,1,train,/home/katsujitakeda/project/study/kmodels/datasets/COVID/images/87.png
88,1,train,/home/katsujitakeda/project/study/kmodels/datasets/COVID/images/88.png
89,1,train,/home/katsujitakeda/project/study/kmodels/datasets/COVID/images/89.png
90,1,train,/home/katsujitakeda/project/study/kmodels/datasets/COVID/images/90.png
91,1,train,/home/katsujitakeda/project/study/kmodels/datasets/COVID/images/91.png
92,1,train,/home/katsujitakeda/project/study/kmodels/datasets/COVID/images/92.png
93,1,train,/home/katsujitakeda/project/study/kmodels/datasets/COVID/images/93.png
94,1,train,/home/katsujitakeda/project/study/kmodels/datasets/COVID/images/94.png
95,1,train,/home/katsujitakeda/project/study/kmodels/datasets/COVID/images/95.png
96,1,train,/home/katsujitakeda/project/study/kmodels/datasets/COVID/images/96.png
97,1,train,/home/katsujitakeda/project/study/kmodels/datasets/COVID/images/97.png
98,1,train,/home/katsujitakeda/project/study/kmodels/datasets/COVID/images/98.png
99,1,train,/home/katsujitakeda/project/study/kmodels/datasets/COVID/images/99.png
100,1,train,/home/katsujitakeda/project/study/kmodels/datasets/COVID/images/100.png
101,1,train,/home/katsujitakeda/project/study/kmodels/datasets/COVID/images/101.png
105,1,train,/home/katsujitakeda/project/study/kmodels/datasets/COVID/images/105.png
106,1,train,/home/katsujitakeda/project/study/kmodels/datasets/COVID/images/106.png
107,1,train,/home/katsujitakeda/project/study/kmodels/datasets/COVID/images/107.png
108,1,train,/home/katsujitakeda/project/study/kmodels/datasets/COVID/images/108.png
109,1,train,/home/katsujitakeda/project/study/kmodels/datasets/COVID/images/109.png
110,1,train,/home/katsujitakeda/project/study/kmodels/datasets/COVID/images/110.png
111,1,train,/home/katsujitakeda/project/study/kmodels/datasets/COVID/images/111.png
113,1,train,/home/katsujitakeda/project/study/kmodels/datasets/COVID/images/113.png
119,1,train,/home/katsujitakeda/project/study/kmodels/datasets/COVID/images/119.png
121,1,train,/home/katsujitakeda/project/study/kmodels/datasets/COVID/images/121.png
122,1,train,/home/katsujitakeda/project/study/kmodels/datasets/COVID/images/122.png
123,1,train,/home/katsujitakeda/project/study/kmodels/datasets/COVID/images/123.png
124,1,train,/home/katsujitakeda/project/study/kmodels/datasets/COVID/images/124.png
125,1,train,/home/katsujitakeda/project/study/kmodels/datasets/COVID/images/125.png
126,1,train,/home/katsujitakeda/project/study/kmodels/datasets/COVID/images/126.png
127,1,train,/home/katsujitakeda/project/study/kmodels/datasets/COVID/images/127.png
128,1,train,/home/katsujitakeda/project/study/kmodels/datasets/COVID/images/128.png
129,1,train,/home/katsujitakeda/project/study/kmodels/datasets/COVID/images/129.png
130,1,train,/home/katsujitakeda/project/study/kmodels/datasets/COVID/images/130.png
131,1,train,/home/katsujitakeda/project/study/kmodels/datasets/COVID/images/131.png
132,1,train,/home/katsujitakeda/project/study/kmodels/datasets/COVID/images/132.png
133,1,train,/home/katsujitakeda/project/study/kmodels/datasets/COVID/images/133.png
134,1,train,/home/katsujitakeda/project/study/kmodels/datasets/COVID/images/134.png
135,1,train,/home/katsujitakeda/project/study/kmodels/datasets/COVID/images/135.png
136,1,train,/home/katsujitakeda/project/study/kmodels/datasets/COVID/images/136.png
137,1,train,/home/katsujitakeda/project/study/kmodels/datasets/COVID/images/137.png
138,1,train,/home/katsujitakeda/project/study/kmodels/datasets/COVID/images/138.png
139,1,train,/home/katsujitakeda/project/study/kmodels/datasets/COVID/images/139.png
140,1,train,/home/katsujitakeda/project/study/kmodels/datasets/COVID/images/140.png
141,1,train,/home/katsujitakeda/project/study/kmodels/datasets/COVID/images/141.png
142,1,train,/home/katsujitakeda/project/study/kmodels/datasets/COVID/images/142.png
143,1,train,/home/katsujitakeda/project/study/kmodels/datasets/COVID/images/143.png
144,1,train,/home/katsujitakeda/project/study/kmodels/datasets/COVID/images/144.png
145,1,train,/home/katsujitakeda/project/study/kmodels/datasets/COVID/images/145.png
146,1,train,/home/katsujitakeda/project/study/kmodels/datasets/COVID/images/146.png
147,1,train,/home/katsujitakeda/project/study/kmodels/datasets/COVID/images/147.png
148,1,train,/home/katsujitakeda/project/study/kmodels/datasets/COVID/images/148.png
149,1,train,/home/katsujitakeda/project/study/kmodels/datasets/COVID/images/149.png
150,1,train,/home/katsujitakeda/project/study/kmodels/datasets/COVID/images/150.png
151,1,train,/home/katsujitakeda/project/study/kmodels/datasets/COVID/images/151.png
152,1,train,/home/katsujitakeda/project/study/kmodels/datasets/COVID/images/152.png
153,1,train,/home/katsujitakeda/project/study/kmodels/datasets/COVID/images/153.png
154,1,train,/home/katsujitakeda/project/study/kmodels/datasets/COVID/images/154.png
155,1,train,/home/katsujitakeda/project/study/kmodels/datasets/COVID/images/155.png
156,1,train,/home/katsujitakeda/project/study/kmodels/datasets/COVID/images/156.png
157,1,train,/home/katsujitakeda/project/study/kmodels/datasets/COVID/images/157.png
159,1,train,/home/katsujitakeda/project/study/kmodels/datasets/COVID/images/159.png
160,1,train,/home/katsujitakeda/project/study/kmodels/datasets/COVID/images/160.png
161,1,train,/home/katsujitakeda/project/study/kmodels/datasets/COVID/images/161.png
162,1,train,/home/katsujitakeda/project/study/kmodels/datasets/COVID/images/162.png
163,1,train,/home/katsujitakeda/project/study/kmodels/datasets/COVID/images/163.png
164,1,train,/home/katsujitakeda/project/study/kmodels/datasets/COVID/images/164.png
165,1,train,/home/katsujitakeda/project/study/kmodels/datasets/COVID/images/165.png
168,1,train,/home/katsujitakeda/project/study/kmodels/datasets/COVID/images/168.png
169,1,train,/home/katsujitakeda/project/study/kmodels/datasets/COVID/images/169.png
170,1,train,/home/katsujitakeda/project/study/kmodels/datasets/COVID/images/170.png
172,1,train,/home/katsujitakeda/project/study/kmodels/datasets/COVID/images/172.png
173,1,train,/home/katsujitakeda/project/study/kmodels/datasets/COVID/images/173.png
175,1,train,/home/katsujitakeda/project/study/kmodels/datasets/COVID/images/175.png
178,1,train,/home/katsujitakeda/project/study/kmodels/datasets/COVID/images/178.png
179,1,train,/home/katsujitakeda/project/study/kmodels/datasets/COVID/images/179.png
180,1,train,/home/katsujitakeda/project/study/kmodels/datasets/COVID/images/180.png
181,1,train,/home/katsujitakeda/project/study/kmodels/datasets/COVID/images/181.png
182,1,train,/home/katsujitakeda/project/study/kmodels/datasets/COVID/images/182.png
183,1,train,/home/katsujitakeda/project/study/kmodels/datasets/COVID/images/183.png
184,1,train,/home/katsujitakeda/project/study/kmodels/datasets/COVID/images/184.png
185,1,train,/home/katsujitakeda/project/study/kmodels/datasets/COVID/images/185.png
186,1,train,/home/katsujitakeda/project/study/kmodels/datasets/COVID/images/186.png
187,1,train,/home/katsujitakeda/project/study/kmodels/datasets/COVID/images/187.png
188,1,train,/home/katsujitakeda/project/study/kmodels/datasets/COVID/images/188.png
189,1,train,/home/katsujitakeda/project/study/kmodels/datasets/COVID/images/189.png
190,1,train,/home/katsujitakeda/project/study/kmodels/datasets/COVID/images/190.png
191,1,val,/home/katsujitakeda/project/study/kmodels/datasets/COVID/images/191.png
192,1,val,/home/katsujitakeda/project/study/kmodels/datasets/COVID/images/192.png
193,1,val,/home/katsujitakeda/project/study/kmodels/datasets/COVID/images/193.png
194,1,val,/home/katsujitakeda/project/study/kmodels/datasets/COVID/images/194.png
195,1,val,/home/katsujitakeda/project/study/kmodels/datasets/COVID/images/195.png
196,1,val,/home/katsujitakeda/project/study/kmodels/datasets/COVID/images/196.png
197,1,val,/home/katsujitakeda/project/study/kmodels/datasets/COVID/images/197.png
198,1,val,/home/katsujitakeda/project/study/kmodels/datasets/COVID/images/198.png
199,1,val,/home/katsujitakeda/project/study/kmodels/datasets/COVID/images/199.png
200,1,val,/home/katsujitakeda/project/study/kmodels/datasets/COVID/images/200.png
201,1,val,/home/katsujitakeda/project/study/kmodels/datasets/COVID/images/201.png
202,1,val,/home/katsujitakeda/project/study/kmodels/datasets/COVID/images/202.png
203,1,val,/home/katsujitakeda/project/study/kmodels/datasets/COVID/images/203.png
204,1,val,/home/katsujitakeda/project/study/kmodels/datasets/COVID/images/204.png
205,1,val,/home/katsujitakeda/project/study/kmodels/datasets/COVID/images/205.png
206,1,val,/home/katsujitakeda/project/study/kmodels/datasets/COVID/images/206.png
207,1,val,/home/katsujitakeda/project/study/kmodels/datasets/COVID/images/207.png
208,1,val,/home/katsujitakeda/project/study/kmodels/datasets/COVID/images/208.png
209,1,val,/home/katsujitakeda/project/study/kmodels/datasets/COVID/images/209.png
210,1,val,/home/katsujitakeda/project/study/kmodels/datasets/COVID/images/210.png
211,1,val,/home/katsujitakeda/project/study/kmodels/datasets/COVID/images/211.png
212,1,val,/home/katsujitakeda/project/study/kmodels/datasets/COVID/images/212.png
213,1,val,/home/katsujitakeda/project/study/kmodels/datasets/COVID/images/213.png
214,1,val,/home/katsujitakeda/project/study/kmodels/datasets/COVID/images/214.png
215,1,val,/home/katsujitakeda/project/study/kmodels/datasets/COVID/images/215.png
216,1,val,/home/katsujitakeda/project/study/kmodels/datasets/COVID/images/216.png
217,1,val,/home/katsujitakeda/project/study/kmodels/datasets/COVID/images/217.png
218,1,val,/home/katsujitakeda/project/study/kmodels/datasets/COVID/images/218.png
219,1,val,/home/katsujitakeda/project/study/kmodels/datasets/COVID/images/219.png
220,1,val,/home/katsujitakeda/project/study/kmodels/datasets/COVID/images/220.png
221,1,val,/home/katsujitakeda/project/study/kmodels/datasets/COVID/images/221.png
222,1,val,/home/katsujitakeda/project/study/kmodels/datasets/COVID/images/222.png
223,1,val,/home/katsujitakeda/project/study/kmodels/datasets/COVID/images/223.png
224,1,val,/home/katsujitakeda/project/study/kmodels/datasets/COVID/images/224.png
225,1,val,/home/katsujitakeda/project/study/kmodels/datasets/COVID/images/225.png
228,1,val,/home/katsujitakeda/project/study/kmodels/datasets/COVID/images/228.png
229,1,val,/home/katsujitakeda/project/study/kmodels/datasets/COVID/images/229.png
230,1,val,/home/katsujitakeda/project/study/kmodels/datasets/COVID/images/230.png
231,1,val,/home/katsujitakeda/project/study/kmodels/datasets/COVID/images/231.png
232,1,val,/home/katsujitakeda/project/study/kmodels/datasets/COVID/images/232.png
233,1,val,/home/katsujitakeda/project/study/kmodels/datasets/COVID/images/233.png
234,1,val,/home/katsujitakeda/project/study/kmodels/datasets/COVID/images/234.png
235,1,val,/home/katsujitakeda/project/study/kmodels/datasets/COVID/images/235.png
236,1,val,/home/katsujitakeda/project/study/kmodels/datasets/COVID/images/236.png
237,1,val,/home/katsujitakeda/project/study/kmodels/datasets/COVID/images/237.png
238,1,val,/home/katsujitakeda/project/study/kmodels/datasets/COVID/images/238.png
239,1,val,/home/katsujitakeda/project/study/kmodels/datasets/COVID/images/239.png
240,1,val,/home/katsujitakeda/project/study/kmodels/datasets/COVID/images/240.png
241,1,val,/home/katsujitakeda/project/study/kmodels/datasets/COVID/images/241.png
242,1,val,/home/katsujitakeda/project/study/kmodels/datasets/COVID/images/242.png
243,1,val,/home/katsujitakeda/project/study/kmodels/datasets/COVID/images/243.png
244,1,val,/home/katsujitakeda/project/study/kmodels/datasets/COVID/images/244.png
245,1,val,/home/katsujitakeda/project/study/kmodels/datasets/COVID/images/245.png
246,1,val,/home/katsujitakeda/project/study/kmodels/datasets/COVID/images/246.png
247,1,val,/home/katsujitakeda/project/study/kmodels/datasets/COVID/images/247.png
248,1,val,/home/katsujitakeda/project/study/kmodels/datasets/COVID/images/248.png
249,1,val,/home/katsujitakeda/project/study/kmodels/datasets/COVID/images/249.png
250,1,val,/home/katsujitakeda/project/study/kmodels/datasets/COVID/images/250.png
251,1,test,/home/katsujitakeda/project/study/kmodels/datasets/COVID/images/251.png
252,1,test,/home/katsujitakeda/project/study/kmodels/datasets/COVID/images/252.png
253,1,test,/home/katsujitakeda/project/study/kmodels/datasets/COVID/images/253.png
254,1,test,/home/katsujitakeda/project/study/kmodels/datasets/COVID/images/254.png
255,1,test,/home/katsujitakeda/project/study/kmodels/datasets/COVID/images/255.png
256,1,test,/home/katsujitakeda/project/study/kmodels/datasets/COVID/images/256.png
257,1,test,/home/katsujitakeda/project/study/kmodels/datasets/COVID/images/257.png
258,1,test,/home/katsujitakeda/project/study/kmodels/datasets/COVID/images/258.png
259,1,test,/home/katsujitakeda/project/study/kmodels/datasets/COVID/images/259.png
260,1,test,/home/katsujitakeda/project/study/kmodels/datasets/COVID/images/260.png
261,1,test,/home/katsujitakeda/project/study/kmodels/datasets/COVID/images/261.png
262,1,test,/home/katsujitakeda/project/study/kmodels/datasets/COVID/images/262.png
263,1,test,/home/katsujitakeda/project/study/kmodels/datasets/COVID/images/263.png
264,1,test,/home/katsujitakeda/project/study/kmodels/datasets/COVID/images/264.png
265,1,test,/home/katsujitakeda/project/study/kmodels/datasets/COVID/images/265.png
266,1,test,/home/katsujitakeda/project/study/kmodels/datasets/COVID/images/266.png
267,1,test,/home/katsujitakeda/project/study/kmodels/datasets/COVID/images/267.png
268,1,test,/home/katsujitakeda/project/study/kmodels/datasets/COVID/images/268.png
269,1,test,/home/katsujitakeda/project/study/kmodels/datasets/COVID/images/269.png
270,1,test,/home/katsujitakeda/project/study/kmodels/datasets/COVID/images/270.png
271,1,test,/home/katsujitakeda/project/study/kmodels/datasets/COVID/images/271.png
272,1,test,/home/katsujitakeda/project/study/kmodels/datasets/COVID/images/272.png
273,1,test,/home/katsujitakeda/project/study/kmodels/datasets/COVID/images/273.png
274,1,test,/home/katsujitakeda/project/study/kmodels/datasets/COVID/images/274.png
275,1,test,/home/katsujitakeda/project/study/kmodels/datasets/COVID/images/275.png
276,1,test,/home/katsujitakeda/project/study/kmodels/datasets/COVID/images/276.png
277,1,test,/home/katsujitakeda/project/study/kmodels/datasets/COVID/images/277.png
278,1,test,/home/katsujitakeda/project/study/kmodels/datasets/COVID/images/278.png
279,1,test,/home/katsujitakeda/project/study/kmodels/datasets/COVID/images/279.png
280,1,test,/home/katsujitakeda/project/study/kmodels/datasets/COVID/images/280.png
281,1,test,/home/katsujitakeda/project/study/kmodels/datasets/COVID/images/281.png
282,1,test,/home/katsujitakeda/project/study/kmodels/datasets/COVID/images/282.png
283,1,test,/home/katsujitakeda/project/study/kmodels/datasets/COVID/images/283.png
284,1,test,/home/katsujitakeda/project/study/kmodels/datasets/COVID/images/284.png
285,1,test,/home/katsujitakeda/project/study/kmodels/datasets/COVID/images/285.png
286,1,test,/home/katsujitakeda/project/study/kmodels/datasets/COVID/images/286.png
287,1,test,/home/katsujitakeda/project/study/kmodels/datasets/COVID/images/287.png
288,1,test,/home/katsujitakeda/project/study/kmodels/datasets/COVID/images/288.png
289,1,test,/home/katsujitakeda/project/study/kmodels/datasets/COVID/images/289.png
290,1,test,/home/katsujitakeda/project/study/kmodels/datasets/COVID/images/290.png
291,1,test,/home/katsujitakeda/project/study/kmodels/datasets/COVID/images/291.png
292,1,test,/home/katsujitakeda/project/study/kmodels/datasets/COVID/images/292.png
293,1,test,/home/katsujitakeda/project/study/kmodels/datasets/COVID/images/293.png
295,1,test,/home/katsujitakeda/project/study/kmodels/datasets/COVID/images/295.png
296,1,test,/home/katsujitakeda/project/study/kmodels/datasets/COVID/images/296.png
297,1,test,/home/katsujitakeda/project/study/kmodels/datasets/COVID/images/297.png
298,1,test,/home/katsujitakeda/project/study/kmodels/datasets/COVID/images/298.png
299,1,test,/home/katsujitakeda/project/study/kmodels/datasets/COVID/images/299.png
300,1,test,/home/katsujitakeda/project/study/kmodels/datasets/COVID/images/300.png
301,1,test,/home/katsujitakeda/project/study/kmodels/datasets/COVID/images/301.png
302,1,test,/home/katsujitakeda/project/study/kmodels/datasets/COVID/images/302.png
303,1,test,/home/katsujitakeda/project/study/kmodels/datasets/COVID/images/303.png
304,1,test,/home/katsujitakeda/project/study/kmodels/datasets/COVID/images/304.png
305,1,test,/home/katsujitakeda/project/study/kmodels/datasets/COVID/images/305.png
306,1,test,/home/katsujitakeda/project/study/kmodels/datasets/COVID/images/306.png
307,1,test,/home/katsujitakeda/project/study/kmodels/datasets/COVID/images/307.png
308,1,test,/home/katsujitakeda/project/study/kmodels/datasets/COVID/images/308.png
309,1,test,/home/katsujitakeda/project/study/kmodels/datasets/COVID/images/309.png
310,1,test,/home/katsujitakeda/project/study/kmodels/datasets/COVID/images/310.png
311,1,test,/home/katsujitakeda/project/study/kmodels/datasets/COVID/images/311.png
312,1,test,/home/katsujitakeda/project/study/kmodels/datasets/COVID/images/312.png
313,1,test,/home/katsujitakeda/project/study/kmodels/datasets/COVID/images/313.png
314,1,test,/home/katsujitakeda/project/study/kmodels/datasets/COVID/images/314.png
315,1,test,/home/katsujitakeda/project/study/kmodels/datasets/COVID/images/315.png
316,1,test,/home/katsujitakeda/project/study/kmodels/datasets/COVID/images/316.png
317,1,test,/home/katsujitakeda/project/study/kmodels/datasets/COVID/images/317.png
318,1,test,/home/katsujitakeda/project/study/kmodels/datasets/COVID/images/318.png
319,1,test,/home/katsujitakeda/project/study/kmodels/datasets/COVID/images/319.png
320,1,test,/home/katsujitakeda/project/study/kmodels/datasets/COVID/images/320.png
321,1,test,/home/katsujitakeda/project/study/kmodels/datasets/COVID/images/321.png
322,1,test,/home/katsujitakeda/project/study/kmodels/datasets/COVID/images/322.png
323,1,test,/home/katsujitakeda/project/study/kmodels/datasets/COVID/images/323.png
324,1,test,/home/katsujitakeda/project/study/kmodels/datasets/COVID/images/324.png
325,1,test,/home/katsujitakeda/project/study/kmodels/datasets/COVID/images/325.png
326,1,test,/home/katsujitakeda/project/study/kmodels/datasets/COVID/images/326.png
327,1,test,/home/katsujitakeda/project/study/kmodels/datasets/COVID/images/327.png
328,1,test,/home/katsujitakeda/project/study/kmodels/datasets/COVID/images/328.png
329,1,test,/home/katsujitakeda/project/study/kmodels/datasets/COVID/images/329.png
330,1,test,/home/katsujitakeda/project/study/kmodels/datasets/COVID/images/330.png
331,1,test,/home/katsujitakeda/project/study/kmodels/datasets/COVID/images/331.png
332,1,test,/home/katsujitakeda/project/study/kmodels/datasets/COVID/images/332.png
333,1,test,/home/katsujitakeda/project/study/kmodels/datasets/COVID/images/333.png
334,1,test,/home/katsujitakeda/project/study/kmodels/datasets/COVID/images/334.png
335,1,test,/home/katsujitakeda/project/study/kmodels/datasets/COVID/images/335.png
336,1,test,/home/katsujitakeda/project/study/kmodels/datasets/COVID/images/336.png
337,1,test,/home/katsujitakeda/project/study/kmodels/datasets/COVID/images/337.png
338,1,test,/home/katsujitakeda/project/study/kmodels/datasets/COVID/images/338.png
339,1,test,/home/katsujitakeda/project/study/kmodels/datasets/COVID/images/339.png
340,1,test,/home/katsujitakeda/project/study/kmodels/datasets/COVID/images/340.png
341,1,test,/home/katsujitakeda/project/study/kmodels/datasets/COVID/images/341.png
342,1,test,/home/katsujitakeda/project/study/kmodels/datasets/COVID/images/342.png
343,1,test,/home/katsujitakeda/project/study/kmodels/datasets/COVID/images/343.png
344,1,test,/home/katsujitakeda/project/study/kmodels/datasets/COVID/images/344.png
345,1,test,/home/katsujitakeda/project/study/kmodels/datasets/COVID/images/345.png
346,1,test,/home/katsujitakeda/project/study/kmodels/datasets/COVID/images/346.png
347,1,test,/home/katsujitakeda/project/study/kmodels/datasets/COVID/images/347.png
348,1,test,/home/katsujitakeda/project/study/kmodels/datasets/COVID/images/348.png
349,0,test,/home/katsujitakeda/project/study/kmodels/datasets/COVID/images/349.jpg
350,0,test,/home/katsujitakeda/project/study/kmodels/datasets/COVID/images/350.jpg
351,0,test,/home/katsujitakeda/project/study/kmodels/datasets/COVID/images/351.jpg
352,0,test,/home/katsujitakeda/project/study/kmodels/datasets/COVID/images/352.jpg
353,0,test,/home/katsujitakeda/project/study/kmodels/datasets/COVID/images/353.jpg
354,0,test,/home/katsujitakeda/project/study/kmodels/datasets/COVID/images/354.jpg
355,0,test,/home/katsujitakeda/project/study/kmodels/datasets/COVID/images/355.jpg
356,0,test,/home/katsujitakeda/project/study/kmodels/datasets/COVID/images/356.jpg
357,0,test,/home/katsujitakeda/project/study/kmodels/datasets/COVID/images/357.jpg
358,0,test,/home/katsujitakeda/project/study/kmodels/datasets/COVID/images/358.jpg
359,0,test,/home/katsujitakeda/project/study/kmodels/datasets/COVID/images/359.jpg
360,0,test,/home/katsujitakeda/project/study/kmodels/datasets/COVID/images/360.jpg
361,0,test,/home/katsujitakeda/project/study/kmodels/datasets/COVID/images/361.jpg
362,0,test,/home/katsujitakeda/project/study/kmodels/datasets/COVID/images/362.jpg
363,0,test,/home/katsujitakeda/project/study/kmodels/datasets/COVID/images/363.jpg
364,0,test,/home/katsujitakeda/project/study/kmodels/datasets/COVID/images/364.jpg
365,0,test,/home/katsujitakeda/project/study/kmodels/datasets/COVID/images/365.jpg
366,0,test,/home/katsujitakeda/project/study/kmodels/datasets/COVID/images/366.jpg
367,0,test,/home/katsujitakeda/project/study/kmodels/datasets/COVID/images/367.jpg
368,0,test,/home/katsujitakeda/project/study/kmodels/datasets/COVID/images/368.jpg
369,0,test,/home/katsujitakeda/project/study/kmodels/datasets/COVID/images/369.jpg
370,0,test,/home/katsujitakeda/project/study/kmodels/datasets/COVID/images/370.jpg
371,0,test,/home/katsujitakeda/project/study/kmodels/datasets/COVID/images/371.jpg
372,0,test,/home/katsujitakeda/project/study/kmodels/datasets/COVID/images/372.jpg
373,0,test,/home/katsujitakeda/project/study/kmodels/datasets/COVID/images/373.jpg
374,0,test,/home/katsujitakeda/project/study/kmodels/datasets/COVID/images/374.jpg
375,0,test,/home/katsujitakeda/project/study/kmodels/datasets/COVID/images/375.jpg
376,0,test,/home/katsujitakeda/project/study/kmodels/datasets/COVID/images/376.jpg
377,0,test,/home/katsujitakeda/project/study/kmodels/datasets/COVID/images/377.jpg
378,0,test,/home/katsujitakeda/project/study/kmodels/datasets/COVID/images/378.jpg
379,0,test,/home/katsujitakeda/project/study/kmodels/datasets/COVID/images/379.jpg
380,0,test,/home/katsujitakeda/project/study/kmodels/datasets/COVID/images/380.jpg
381,0,test,/home/katsujitakeda/project/study/kmodels/datasets/COVID/images/381.jpg
382,0,val,/home/katsujitakeda/project/study/kmodels/datasets/COVID/images/382.jpg
383,0,val,/home/katsujitakeda/project/study/kmodels/datasets/COVID/images/383.jpg
384,0,val,/home/katsujitakeda/project/study/kmodels/datasets/COVID/images/384.jpg
385,0,val,/home/katsujitakeda/project/study/kmodels/datasets/COVID/images/385.jpg
386,0,val,/home/katsujitakeda/project/study/kmodels/datasets/COVID/images/386.jpg
387,0,val,/home/katsujitakeda/project/study/kmodels/datasets/COVID/images/387.jpg
388,0,val,/home/katsujitakeda/project/study/kmodels/datasets/COVID/images/388.jpg
389,0,val,/home/katsujitakeda/project/study/kmodels/datasets/COVID/images/389.jpg
390,0,val,/home/katsujitakeda/project/study/kmodels/datasets/COVID/images/390.jpg
391,0,val,/home/katsujitakeda/project/study/kmodels/datasets/COVID/images/391.jpg
392,0,val,/home/katsujitakeda/project/study/kmodels/datasets/COVID/images/392.jpg
393,0,val,/home/katsujitakeda/project/study/kmodels/datasets/COVID/images/393.jpg
394,0,val,/home/katsujitakeda/project/study/kmodels/datasets/COVID/images/394.jpg
395,0,val,/home/katsujitakeda/project/study/kmodels/datasets/COVID/images/395.jpg
396,0,val,/home/katsujitakeda/project/study/kmodels/datasets/COVID/images/396.jpg
397,0,val,/home/katsujitakeda/project/study/kmodels/datasets/COVID/images/397.jpg
398,0,val,/home/katsujitakeda/project/study/kmodels/datasets/COVID/images/398.jpg
399,0,val,/home/katsujitakeda/project/study/kmodels/datasets/COVID/images/399.jpg
400,0,val,/home/katsujitakeda/project/study/kmodels/datasets/COVID/images/400.jpg
401,0,test,/home/katsujitakeda/project/study/kmodels/datasets/COVID/images/401.jpg
402,0,val,/home/katsujitakeda/project/study/kmodels/datasets/COVID/images/402.jpg
403,0,val,/home/katsujitakeda/project/study/kmodels/datasets/COVID/images/403.jpg
404,0,val,/home/katsujitakeda/project/study/kmodels/datasets/COVID/images/404.jpg
405,0,val,/home/katsujitakeda/project/study/kmodels/datasets/COVID/images/405.jpg
406,0,val,/home/katsujitakeda/project/study/kmodels/datasets/COVID/images/406.jpg
407,0,val,/home/katsujitakeda/project/study/kmodels/datasets/COVID/images/407.jpg
408,0,val,/home/katsujitakeda/project/study/kmodels/datasets/COVID/images/408.jpg
409,0,val,/home/katsujitakeda/project/study/kmodels/datasets/COVID/images/409.jpg
410,0,val,/home/katsujitakeda/project/study/kmodels/datasets/COVID/images/410.jpg
411,0,val,/home/katsujitakeda/project/study/kmodels/datasets/COVID/images/411.jpg
412,0,val,/home/katsujitakeda/project/study/kmodels/datasets/COVID/images/412.jpg
413,0,train,/home/katsujitakeda/project/study/kmodels/datasets/COVID/images/413.jpg
414,0,train,/home/katsujitakeda/project/study/kmodels/datasets/COVID/images/414.jpg
415,0,train,/home/katsujitakeda/project/study/kmodels/datasets/COVID/images/415.jpg
416,0,train,/home/katsujitakeda/project/study/kmodels/datasets/COVID/images/416.jpg
417,0,train,/home/katsujitakeda/project/study/kmodels/datasets/COVID/images/417.jpg
418,0,train,/home/katsujitakeda/project/study/kmodels/datasets/COVID/images/418.jpg
419,0,train,/home/katsujitakeda/project/study/kmodels/datasets/COVID/images/419.jpg
420,0,train,/home/katsujitakeda/project/study/kmodels/datasets/COVID/images/420.jpg
421,0,train,/home/katsujitakeda/project/study/kmodels/datasets/COVID/images/421.jpg
422,0,train,/home/katsujitakeda/project/study/kmodels/datasets/COVID/images/422.jpg
423,0,train,/home/katsujitakeda/project/study/kmodels/datasets/COVID/images/423.jpg
424,0,train,/home/katsujitakeda/project/study/kmodels/datasets/COVID/images/424.jpg
425,0,train,/home/katsujitakeda/project/study/kmodels/datasets/COVID/images/425.jpg
426,0,train,/home/katsujitakeda/project/study/kmodels/datasets/COVID/images/426.jpg
427,0,train,/home/katsujitakeda/project/study/kmodels/datasets/COVID/images/427.jpg
428,0,train,/home/katsujitakeda/project/study/kmodels/datasets/COVID/images/428.jpg
429,0,train,/home/katsujitakeda/project/study/kmodels/datasets/COVID/images/429.jpg
430,0,train,/home/katsujitakeda/project/study/kmodels/datasets/COVID/images/430.jpg
431,0,train,/home/katsujitakeda/project/study/kmodels/datasets/COVID/images/431.jpg
432,0,train,/home/katsujitakeda/project/study/kmodels/datasets/COVID/images/432.jpg
433,0,train,/home/katsujitakeda/project/study/kmodels/datasets/COVID/images/433.jpg
434,0,train,/home/katsujitakeda/project/study/kmodels/datasets/COVID/images/434.jpg
435,0,train,/home/katsujitakeda/project/study/kmodels/datasets/COVID/images/435.jpg
436,0,test,/home/katsujitakeda/project/study/kmodels/datasets/COVID/images/436.jpg
437,0,test,/home/katsujitakeda/project/study/kmodels/datasets/COVID/images/437.jpg
438,0,test,/home/katsujitakeda/project/study/kmodels/datasets/COVID/images/438.jpg
439,0,test,/home/katsujitakeda/project/study/kmodels/datasets/COVID/images/439.jpg
440,0,train,/home/katsujitakeda/project/study/kmodels/datasets/COVID/images/440.jpg
441,0,train,/home/katsujitakeda/project/study/kmodels/datasets/COVID/images/441.jpg
442,0,train,/home/katsujitakeda/project/study/kmodels/datasets/COVID/images/442.jpg
443,0,train,/home/katsujitakeda/project/study/kmodels/datasets/COVID/images/443.jpg
444,0,train,/home/katsujitakeda/project/study/kmodels/datasets/COVID/images/444.jpg
445,0,train,/home/katsujitakeda/project/study/kmodels/datasets/COVID/images/445.jpg
446,0,train,/home/katsujitakeda/project/study/kmodels/datasets/COVID/images/446.jpg
447,0,train,/home/katsujitakeda/project/study/kmodels/datasets/COVID/images/447.jpg
448,0,train,/home/katsujitakeda/project/study/kmodels/datasets/COVID/images/448.jpg
449,0,train,/home/katsujitakeda/project/study/kmodels/datasets/COVID/images/449.jpg
450,0,train,/home/katsujitakeda/project/study/kmodels/datasets/COVID/images/450.jpg
451,0,train,/home/katsujitakeda/project/study/kmodels/datasets/COVID/images/451.jpg
452,0,train,/home/katsujitakeda/project/study/kmodels/datasets/COVID/images/452.jpg
453,0,train,/home/katsujitakeda/project/study/kmodels/datasets/COVID/images/453.jpg
454,0,train,/home/katsujitakeda/project/study/kmodels/datasets/COVID/images/454.jpg
455,0,test,/home/katsujitakeda/project/study/kmodels/datasets/COVID/images/455.jpg
456,0,test,/home/katsujitakeda/project/study/kmodels/datasets/COVID/images/456.jpg
457,0,test,/home/katsujitakeda/project/study/kmodels/datasets/COVID/images/457.jpg
458,0,test,/home/katsujitakeda/project/study/kmodels/datasets/COVID/images/458.jpg
459,0,test,/home/katsujitakeda/project/study/kmodels/datasets/COVID/images/459.jpg
460,0,test,/home/katsujitakeda/project/study/kmodels/datasets/COVID/images/460.jpg
461,0,test,/home/katsujitakeda/project/study/kmodels/datasets/COVID/images/461.jpg
462,0,test,/home/katsujitakeda/project/study/kmodels/datasets/COVID/images/462.jpg
463,0,train,/home/katsujitakeda/project/study/kmodels/datasets/COVID/images/463.jpg
464,0,train,/home/katsujitakeda/project/study/kmodels/datasets/COVID/images/464.jpg
465,0,train,/home/katsujitakeda/project/study/kmodels/datasets/COVID/images/465.jpg
466,0,train,/home/katsujitakeda/project/study/kmodels/datasets/COVID/images/466.jpg
467,0,train,/home/katsujitakeda/project/study/kmodels/datasets/COVID/images/467.jpg
468,0,train,/home/katsujitakeda/project/study/kmodels/datasets/COVID/images/468.jpg
469,0,train,/home/katsujitakeda/project/study/kmodels/datasets/COVID/images/469.jpg
470,0,train,/home/katsujitakeda/project/study/kmodels/datasets/COVID/images/470.jpg
471,0,train,/home/katsujitakeda/project/study/kmodels/datasets/COVID/images/471.jpg
472,0,train,/home/katsujitakeda/project/study/kmodels/datasets/COVID/images/472.jpg
473,0,train,/home/katsujitakeda/project/study/kmodels/datasets/COVID/images/473.jpg
474,0,train,/home/katsujitakeda/project/study/kmodels/datasets/COVID/images/474.jpg
475,0,train,/home/katsujitakeda/project/study/kmodels/datasets/COVID/images/475.jpg
476,0,train,/home/katsujitakeda/project/study/kmodels/datasets/COVID/images/476.jpg
477,0,train,/home/katsujitakeda/project/study/kmodels/datasets/COVID/images/477.jpg
478,0,train,/home/katsujitakeda/project/study/kmodels/datasets/COVID/images/478.jpg
479,0,test,/home/katsujitakeda/project/study/kmodels/datasets/COVID/images/479.jpg
480,0,test,/home/katsujitakeda/project/study/kmodels/datasets/COVID/images/480.jpg
481,0,test,/home/katsujitakeda/project/study/kmodels/datasets/COVID/images/481.jpg
482,0,test,/home/katsujitakeda/project/study/kmodels/datasets/COVID/images/482.jpg
483,0,train,/home/katsujitakeda/project/study/kmodels/datasets/COVID/images/483.jpg
484,0,train,/home/katsujitakeda/project/study/kmodels/datasets/COVID/images/484.jpg
485,0,train,/home/katsujitakeda/project/study/kmodels/datasets/COVID/images/485.jpg
486,0,train,/home/katsujitakeda/project/study/kmodels/datasets/COVID/images/486.jpg
487,0,train,/home/katsujitakeda/project/study/kmodels/datasets/COVID/images/487.jpg
488,0,train,/home/katsujitakeda/project/study/kmodels/datasets/COVID/images/488.jpg
489,0,train,/home/katsujitakeda/project/study/kmodels/datasets/COVID/images/489.jpg
490,0,train,/home/katsujitakeda/project/study/kmodels/datasets/COVID/images/490.jpg
491,0,train,/home/katsujitakeda/project/study/kmodels/datasets/COVID/images/491.jpg
492,0,train,/home/katsujitakeda/project/study/kmodels/datasets/COVID/images/492.jpg
493,0,train,/home/katsujitakeda/project/study/kmodels/datasets/COVID/images/493.jpg
494,0,train,/home/katsujitakeda/project/study/kmodels/datasets/COVID/images/494.jpg
495,0,train,/home/katsujitakeda/project/study/kmodels/datasets/COVID/images/495.jpg
496,0,train,/home/katsujitakeda/project/study/kmodels/datasets/COVID/images/496.jpg
497,0,train,/home/katsujitakeda/project/study/kmodels/datasets/COVID/images/497.jpg
498,0,train,/home/katsujitakeda/project/study/kmodels/datasets/COVID/images/498.jpg
499,0,train,/home/katsujitakeda/project/study/kmodels/datasets/COVID/images/499.jpg
500,0,train,/home/katsujitakeda/project/study/kmodels/datasets/COVID/images/500.jpg
501,0,train,/home/katsujitakeda/project/study/kmodels/datasets/COVID/images/501.jpg
502,0,train,/home/katsujitakeda/project/study/kmodels/datasets/COVID/images/502.jpg
503,0,train,/home/katsujitakeda/project/study/kmodels/datasets/COVID/images/503.jpg
504,0,train,/home/katsujitakeda/project/study/kmodels/datasets/COVID/images/504.jpg
505,0,train,/home/katsujitakeda/project/study/kmodels/datasets/COVID/images/505.jpg
506,0,test,/home/katsujitakeda/project/study/kmodels/datasets/COVID/images/506.jpg
507,0,train,/home/katsujitakeda/project/study/kmodels/datasets/COVID/images/507.jpg
508,0,train,/home/katsujitakeda/project/study/kmodels/datasets/COVID/images/508.jpg
509,0,train,/home/katsujitakeda/project/study/kmodels/datasets/COVID/images/509.jpg
510,0,train,/home/katsujitakeda/project/study/kmodels/datasets/COVID/images/510.jpg
511,0,train,/home/katsujitakeda/project/study/kmodels/datasets/COVID/images/511.jpg
512,0,train,/home/katsujitakeda/project/study/kmodels/datasets/COVID/images/512.jpg
513,0,train,/home/katsujitakeda/project/study/kmodels/datasets/COVID/images/513.jpg
514,0,train,/home/katsujitakeda/project/study/kmodels/datasets/COVID/images/514.jpg
515,0,train,/home/katsujitakeda/project/study/kmodels/datasets/COVID/images/515.jpg
516,0,train,/home/katsujitakeda/project/study/kmodels/datasets/COVID/images/516.jpg
517,0,train,/home/katsujitakeda/project/study/kmodels/datasets/COVID/images/517.jpg
518,0,train,/home/katsujitakeda/project/study/kmodels/datasets/COVID/images/518.jpg
519,0,train,/home/katsujitakeda/project/study/kmodels/datasets/COVID/images/519.jpg
520,0,train,/home/katsujitakeda/project/study/kmodels/datasets/COVID/images/520.jpg
521,0,train,/home/katsujitakeda/project/study/kmodels/datasets/COVID/images/521.jpg
522,0,test,/home/katsujitakeda/project/study/kmodels/datasets/COVID/images/522.jpg
523,0,train,/home/katsujitakeda/project/study/kmodels/datasets/COVID/images/523.jpg
524,0,train,/home/katsujitakeda/project/study/kmodels/datasets/COVID/images/524.jpg
525,0,train,/home/katsujitakeda/project/study/kmodels/datasets/COVID/images/525.jpg
526,0,train,/home/katsujitakeda/project/study/kmodels/datasets/COVID/images/526.jpg
527,0,train,/home/katsujitakeda/project/study/kmodels/datasets/COVID/images/527.jpg
528,0,train,/home/katsujitakeda/project/study/kmodels/datasets/COVID/images/528.jpg
529,0,train,/home/katsujitakeda/project/study/kmodels/datasets/COVID/images/529.jpg
530,0,train,/home/katsujitakeda/project/study/kmodels/datasets/COVID/images/530.jpg
531,0,train,/home/katsujitakeda/project/study/kmodels/datasets/COVID/images/531.jpg
532,0,train,/home/katsujitakeda/project/study/kmodels/datasets/COVID/images/532.jpg
533,0,train,/home/katsujitakeda/project/study/kmodels/datasets/COVID/images/533.jpg
534,0,train,/home/katsujitakeda/project/study/kmodels/datasets/COVID/images/534.jpg
535,0,train,/home/katsujitakeda/project/study/kmodels/datasets/COVID/images/535.jpg
536,0,train,/home/katsujitakeda/project/study/kmodels/datasets/COVID/images/536.jpg
537,0,train,/home/katsujitakeda/project/study/kmodels/datasets/COVID/images/537.jpg
538,0,train,/home/katsujitakeda/project/study/kmodels/datasets/COVID/images/538.jpg
539,0,train,/home/katsujitakeda/project/study/kmodels/datasets/COVID/images/539.jpg
540,0,train,/home/katsujitakeda/project/study/kmodels/datasets/COVID/images/540.jpg
541,0,train,/home/katsujitakeda/project/study/kmodels/datasets/COVID/images/541.jpg
542,0,train,/home/katsujitakeda/project/study/kmodels/datasets/COVID/images/542.jpg
543,0,train,/home/katsujitakeda/project/study/kmodels/datasets/COVID/images/543.jpg
544,0,train,/home/katsujitakeda/project/study/kmodels/datasets/COVID/images/544.jpg
545,0,train,/home/katsujitakeda/project/study/kmodels/datasets/COVID/images/545.jpg
546,0,train,/home/katsujitakeda/project/study/kmodels/datasets/COVID/images/546.jpg
547,0,test,/home/katsujitakeda/project/study/kmodels/datasets/COVID/images/547.jpg
548,0,train,/home/katsujitakeda/project/study/kmodels/datasets/COVID/images/548.jpg
549,0,train,/home/katsujitakeda/project/study/kmodels/datasets/COVID/images/549.jpg
550,0,train,/home/katsujitakeda/project/study/kmodels/datasets/COVID/images/550.jpg
551,0,train,/home/katsujitakeda/project/study/kmodels/datasets/COVID/images/551.png
552,0,train,/home/katsujitakeda/project/study/kmodels/datasets/COVID/images/552.png
553,0,val,/home/katsujitakeda/project/study/kmodels/datasets/COVID/images/553.png
554,0,val,/home/katsujitakeda/project/study/kmodels/datasets/COVID/images/554.png
555,0,val,/home/katsujitakeda/project/study/kmodels/datasets/COVID/images/555.png
556,0,val,/home/katsujitakeda/project/study/kmodels/datasets/COVID/images/556.png
557,0,train,/home/katsujitakeda/project/study/kmodels/datasets/COVID/images/557.png
558,0,train,/home/katsujitakeda/project/study/kmodels/datasets/COVID/images/558.png
559,0,train,/home/katsujitakeda/project/study/kmodels/datasets/COVID/images/559.png
560,0,train,/home/katsujitakeda/project/study/kmodels/datasets/COVID/images/560.png
561,0,train,/home/katsujitakeda/project/study/kmodels/datasets/COVID/images/561.png
562,0,train,/home/katsujitakeda/project/study/kmodels/datasets/COVID/images/562.png
563,0,train,/home/katsujitakeda/project/study/kmodels/datasets/COVID/images/563.png
564,0,train,/home/katsujitakeda/project/study/kmodels/datasets/COVID/images/564.png
565,0,train,/home/katsujitakeda/project/study/kmodels/datasets/COVID/images/565.png
566,0,test,/home/katsujitakeda/project/study/kmodels/datasets/COVID/images/566.png
567,0,train,/home/katsujitakeda/project/study/kmodels/datasets/COVID/images/567.png
568,0,train,/home/katsujitakeda/project/study/kmodels/datasets/COVID/images/568.png
569,0,train,/home/katsujitakeda/project/study/kmodels/datasets/COVID/images/569.png
570,0,train,/home/katsujitakeda/project/study/kmodels/datasets/COVID/images/570.png
571,0,train,/home/katsujitakeda/project/study/kmodels/datasets/COVID/images/571.png
572,0,train,/home/katsujitakeda/project/study/kmodels/datasets/COVID/images/572.png
573,0,train,/home/katsujitakeda/project/study/kmodels/datasets/COVID/images/573.png
574,0,test,/home/katsujitakeda/project/study/kmodels/datasets/COVID/images/574.png
581,0,train,/home/katsujitakeda/project/study/kmodels/datasets/COVID/images/581.png
582,0,train,/home/katsujitakeda/project/study/kmodels/datasets/COVID/images/582.png
588,0,train,/home/katsujitakeda/project/study/kmodels/datasets/COVID/images/588.png
589,0,train,/home/katsujitakeda/project/study/kmodels/datasets/COVID/images/589.png
593,0,test,/home/katsujitakeda/project/study/kmodels/datasets/COVID/images/593.png
594,0,val,/home/katsujitakeda/project/study/kmodels/datasets/COVID/images/594.png
595,0,val,/home/katsujitakeda/project/study/kmodels/datasets/COVID/images/595.png
596,0,train,/home/katsujitakeda/project/study/kmodels/datasets/COVID/images/596.png
597,0,train,/home/katsujitakeda/project/study/kmodels/datasets/COVID/images/597.png
598,0,train,/home/katsujitakeda/project/study/kmodels/datasets/COVID/images/598.png
599,0,train,/home/katsujitakeda/project/study/kmodels/datasets/COVID/images/599.png
600,0,train,/home/katsujitakeda/project/study/kmodels/datasets/COVID/images/600.png
601,0,train,/home/katsujitakeda/project/study/kmodels/datasets/COVID/images/601.png
602,0,test,/home/katsujitakeda/project/study/kmodels/datasets/COVID/images/602.png
603,0,test,/home/katsujitakeda/project/study/kmodels/datasets/COVID/images/603.png
604,0,train,/home/katsujitakeda/project/study/kmodels/datasets/COVID/images/604.png
605,0,train,/home/katsujitakeda/project/study/kmodels/datasets/COVID/images/605.png
606,0,train,/home/katsujitakeda/project/study/kmodels/datasets/COVID/images/606.png
607,0,test,/home/katsujitakeda/project/study/kmodels/datasets/COVID/images/607.png
608,0,test,/home/katsujitakeda/project/study/kmodels/datasets/COVID/images/608.png
609,0,test,/home/katsujitakeda/project/study/kmodels/datasets/COVID/images/609.png
610,0,test,/home/katsujitakeda/project/study/kmodels/datasets/COVID/images/610.png
611,0,test,/home/katsujitakeda/project/study/kmodels/datasets/COVID/images/611.png
612,0,test,/home/katsujitakeda/project/study/kmodels/datasets/COVID/images/612.png
613,0,test,/home/katsujitakeda/project/study/kmodels/datasets/COVID/images/613.png
614,0,test,/home/katsujitakeda/project/study/kmodels/datasets/COVID/images/614.png
615,0,train,/home/katsujitakeda/project/study/kmodels/datasets/COVID/images/615.png
616,0,train,/home/katsujitakeda/project/study/kmodels/datasets/COVID/images/616.png
617,0,train,/home/katsujitakeda/project/study/kmodels/datasets/COVID/images/617.png
618,0,train,/home/katsujitakeda/project/study/kmodels/datasets/COVID/images/618.png
619,0,train,/home/katsujitakeda/project/study/kmodels/datasets/COVID/images/619.png
620,0,val,/home/katsujitakeda/project/study/kmodels/datasets/COVID/images/620.png
621,0,val,/home/katsujitakeda/project/study/kmodels/datasets/COVID/images/621.png
622,0,val,/home/katsujitakeda/project/study/kmodels/datasets/COVID/images/622.png
623,0,train,/home/katsujitakeda/project/study/kmodels/datasets/COVID/images/623.png
624,0,train,/home/katsujitakeda/project/study/kmodels/datasets/COVID/images/624.png
625,0,test,/home/katsujitakeda/project/study/kmodels/datasets/COVID/images/625.png
626,0,test,/home/katsujitakeda/project/study/kmodels/datasets/COVID/images/626.png
627,0,val,/home/katsujitakeda/project/study/kmodels/datasets/COVID/images/627.png
628,0,val,/home/katsujitakeda/project/study/kmodels/datasets/COVID/images/628.png
629,0,val,/home/katsujitakeda/project/study/kmodels/datasets/COVID/images/629.png
630,0,train,/home/katsujitakeda/project/study/kmodels/datasets/COVID/images/630.png
631,0,train,/home/katsujitakeda/project/study/kmodels/datasets/COVID/images/631.png
632,0,train,/home/katsujitakeda/project/study/kmodels/datasets/COVID/images/632.png
633,0,test,/home/katsujitakeda/project/study/kmodels/datasets/COVID/images/633.png
634,0,test,/home/katsujitakeda/project/study/kmodels/datasets/COVID/images/634.png
635,0,test,/home/katsujitakeda/project/study/kmodels/datasets/COVID/images/635.png
636,0,train,/home/katsujitakeda/project/study/kmodels/datasets/COVID/images/636.png
637,0,train,/home/katsujitakeda/project/study/kmodels/datasets/COVID/images/637.png
638,0,test,/home/katsujitakeda/project/study/kmodels/datasets/COVID/images/638.png
639,0,test,/home/katsujitakeda/project/study/kmodels/datasets/COVID/images/639.png
640,0,test,/home/katsujitakeda/project/study/kmodels/datasets/COVID/images/640.png
641,0,test,/home/katsujitakeda/project/study/kmodels/datasets/COVID/images/641.png
642,0,test,/home/katsujitakeda/project/study/kmodels/datasets/COVID/images/642.png
643,0,train,/home/katsujitakeda/project/study/kmodels/datasets/COVID/images/643.png
644,0,train,/home/katsujitakeda/project/study/kmodels/datasets/COVID/images/644.png
645,0,train,/home/katsujitakeda/project/study/kmodels/datasets/COVID/images/645.png
646,0,train,/home/katsujitakeda/project/study/kmodels/datasets/COVID/images/646.png
647,0,train,/home/katsujitakeda/project/study/kmodels/datasets/COVID/images/647.png
648,0,train,/home/katsujitakeda/project/study/kmodels/datasets/COVID/images/648.png
649,0,val,/home/katsujitakeda/project/study/kmodels/datasets/COVID/images/649.png
650,0,val,/home/katsujitakeda/project/study/kmodels/datasets/COVID/images/650.png
651,0,val,/home/katsujitakeda/project/study/kmodels/datasets/COVID/images/651.png
652,0,test,/home/katsujitakeda/project/study/kmodels/datasets/COVID/images/652.png
653,0,test,/home/katsujitakeda/project/study/kmodels/datasets/COVID/images/653.png
654,0,train,/home/katsujitakeda/project/study/kmodels/datasets/COVID/images/654.png
655,0,train,/home/katsujitakeda/project/study/kmodels/datasets/COVID/images/655.png
656,0,test,/home/katsujitakeda/project/study/kmodels/datasets/COVID/images/656.png
657,0,train,/home/katsujitakeda/project/study/kmodels/datasets/COVID/images/657.png
658,0,train,/home/katsujitakeda/project/study/kmodels/datasets/COVID/images/658.png
659,0,train,/home/katsujitakeda/project/study/kmodels/datasets/COVID/images/659.png
660,0,train,/home/katsujitakeda/project/study/kmodels/datasets/COVID/images/660.png
661,0,train,/home/katsujitakeda/project/study/kmodels/datasets/COVID/images/661.png
662,0,train,/home/katsujitakeda/project/study/kmodels/datasets/COVID/images/662.png
663,0,val,/home/katsujitakeda/project/study/kmodels/datasets/COVID/images/663.png
664,0,test,/home/katsujitakeda/project/study/kmodels/datasets/COVID/images/664.png
665,0,test,/home/katsujitakeda/project/study/kmodels/datasets/COVID/images/665.png
666,0,test,/home/katsujitakeda/project/study/kmodels/datasets/COVID/images/666.png
667,0,test,/home/katsujitakeda/project/study/kmodels/datasets/COVID/images/667.png
668,0,test,/home/katsujitakeda/project/study/kmodels/datasets/COVID/images/668.png
669,0,test,/home/katsujitakeda/project/study/kmodels/datasets/COVID/images/669.png
670,0,test,/home/katsujitakeda/project/study/kmodels/datasets/COVID/images/670.png
671,0,test,/home/katsujitakeda/project/study/kmodels/datasets/COVID/images/671.png
672,0,test,/home/katsujitakeda/project/study/kmodels/datasets/COVID/images/672.png
673,0,train,/home/katsujitakeda/project/study/kmodels/datasets/COVID/images/673.png
674,0,test,/home/katsujitakeda/project/study/kmodels/datasets/COVID/images/674.png
675,0,train,/home/katsujitakeda/project/study/kmodels/datasets/COVID/images/675.png
676,0,train,/home/katsujitakeda/project/study/kmodels/datasets/COVID/images/676.png
677,0,val,/home/katsujitakeda/project/study/kmodels/datasets/COVID/images/677.png
678,0,val,/home/katsujitakeda/project/study/kmodels/datasets/COVID/images/678.png
679,0,val,/home/katsujitakeda/project/study/kmodels/datasets/COVID/images/679.png
680,0,val,/home/katsujitakeda/project/study/kmodels/datasets/COVID/images/680.png
681,0,train,/home/katsujitakeda/project/study/kmodels/datasets/COVID/images/681.png
682,0,val,/home/katsujitakeda/project/study/kmodels/datasets/COVID/images/682.png
683,0,val,/home/katsujitakeda/project/study/kmodels/datasets/COVID/images/683.png
684,0,train,/home/katsujitakeda/project/study/kmodels/datasets/COVID/images/684.png
685,0,train,/home/katsujitakeda/project/study/kmodels/datasets/COVID/images/685.png
686,0,train,/home/katsujitakeda/project/study/kmodels/datasets/COVID/images/686.png
687,0,train,/home/katsujitakeda/project/study/kmodels/datasets/COVID/images/687.png
688,0,train,/home/katsujitakeda/project/study/kmodels/datasets/COVID/images/688.png
689,0,train,/home/katsujitakeda/project/study/kmodels/datasets/COVID/images/689.png
690,0,train,/home/katsujitakeda/project/study/kmodels/datasets/COVID/images/690.png
691,0,train,/home/katsujitakeda/project/study/kmodels/datasets/COVID/images/691.png
692,0,train,/home/katsujitakeda/project/study/kmodels/datasets/COVID/images/692.png
693,0,train,/home/katsujitakeda/project/study/kmodels/datasets/COVID/images/693.png
694,0,train,/home/katsujitakeda/project/study/kmodels/datasets/COVID/images/694.png
695,0,train,/home/katsujitakeda/project/study/kmodels/datasets/COVID/images/695.png
696,0,train,/home/katsujitakeda/project/study/kmodels/datasets/COVID/images/696.png
697,0,train,/home/katsujitakeda/project/study/kmodels/datasets/COVID/images/697.png
698,0,train,/home/katsujitakeda/project/study/kmodels/datasets/COVID/images/698.png
699,0,val,/home/katsujitakeda/project/study/kmodels/datasets/COVID/images/699.png
700,0,train,/home/katsujitakeda/project/study/kmodels/datasets/COVID/images/700.png
701,0,test,/home/katsujitakeda/project/study/kmodels/datasets/COVID/images/701.png
702,0,test,/home/katsujitakeda/project/study/kmodels/datasets/COVID/images/702.png
703,0,test,/home/katsujitakeda/project/study/kmodels/datasets/COVID/images/703.png
704,0,test,/home/katsujitakeda/project/study/kmodels/datasets/COVID/images/704.png
705,0,test,/home/katsujitakeda/project/study/kmodels/datasets/COVID/images/705.png
706,0,train,/home/katsujitakeda/project/study/kmodels/datasets/COVID/images/706.png
707,0,train,/home/katsujitakeda/project/study/kmodels/datasets/COVID/images/707.png
708,0,train,/home/katsujitakeda/project/study/kmodels/datasets/COVID/images/708.png
709,0,train,/home/katsujitakeda/project/study/kmodels/datasets/COVID/images/709.png
710,0,train,/home/katsujitakeda/project/study/kmodels/datasets/COVID/images/710.png
711,0,train,/home/katsujitakeda/project/study/kmodels/datasets/COVID/images/711.png
712,0,train,/home/katsujitakeda/project/study/kmodels/datasets/COVID/images/712.png
713,0,test,/home/katsujitakeda/project/study/kmodels/datasets/COVID/images/713.png
714,0,train,/home/katsujitakeda/project/study/kmodels/datasets/COVID/images/714.png
715,0,train,/home/katsujitakeda/project/study/kmodels/datasets/COVID/images/715.png
716,0,test,/home/katsujitakeda/project/study/kmodels/datasets/COVID/images/716.png
717,0,test,/home/katsujitakeda/project/study/kmodels/datasets/COVID/images/717.png
718,0,test,/home/katsujitakeda/project/study/kmodels/datasets/COVID/images/718.png
719,0,train,/home/katsujitakeda/project/study/kmodels/datasets/COVID/images/719.png
720,0,val,/home/katsujitakeda/project/study/kmodels/datasets/COVID/images/720.png
721,0,val,/home/katsujitakeda/project/study/kmodels/datasets/COVID/images/721.png
722,0,train,/home/katsujitakeda/project/study/kmodels/datasets/COVID/images/722.png
723,0,train,/home/katsujitakeda/project/study/kmodels/datasets/COVID/images/723.png
724,0,test,/home/katsujitakeda/project/study/kmodels/datasets/COVID/images/724.png
725,0,train,/home/katsujitakeda/project/study/kmodels/datasets/COVID/images/725.png
726,0,train,/home/katsujitakeda/project/study/kmodels/datasets/COVID/images/726.png
727,0,train,/home/katsujitakeda/project/study/kmodels/datasets/COVID/images/727.png
728,0,train,/home/katsujitakeda/project/study/kmodels/datasets/COVID/images/728.png
729,0,train,/home/katsujitakeda/project/study/kmodels/datasets/COVID/images/729.png
730,0,train,/home/katsujitakeda/project/study/kmodels/datasets/COVID/images/730.png
731,0,train,/home/katsujitakeda/project/study/kmodels/datasets/COVID/images/731.png
732,0,train,/home/katsujitakeda/project/study/kmodels/datasets/COVID/images/732.png
733,0,train,/home/katsujitakeda/project/study/kmodels/datasets/COVID/images/733.png
734,0,train,/home/katsujitakeda/project/study/kmodels/datasets/COVID/images/734.png
735,0,test,/home/katsujitakeda/project/study/kmodels/datasets/COVID/images/735.png
736,0,train,/home/katsujitakeda/project/study/kmodels/datasets/COVID/images/736.png
737,0,train,/home/katsujitakeda/project/study/kmodels/datasets/COVID/images/737.png
738,0,train,/home/katsujitakeda/project/study/kmodels/datasets/COVID/images/738.png
739,0,train,/home/katsujitakeda/project/study/kmodels/datasets/COVID/images/739.png
740,0,train,/home/katsujitakeda/project/study/kmodels/datasets/COVID/images/740.png
741,0,train,/home/katsujitakeda/project/study/kmodels/datasets/COVID/images/741.png
742,0,train,/home/katsujitakeda/project/study/kmodels/datasets/COVID/images/742.png
743,0,train,/home/katsujitakeda/project/study/kmodels/datasets/COVID/images/743.png
744,0,test,/home/katsujitakeda/project/study/kmodels/datasets/COVID/images/744.png
745,0,test,/home/katsujitakeda/project/study/kmodels/datasets/COVID/images/745.png
